{"stats":{"minecraft:dropped":{"minecraft:nether_brick_stairs":1,"minecraft:birch_planks":1,"minecraft:tnt":2,"minecraft:polished_blackstone":1,"minecraft:minecart":1,"minecraft:bookshelf":2,"minecraft:red_sandstone":1,"minecraft:oak_fence":3,"minecraft:purpur_slab":1,"minecraft:cobblestone":2,"minecraft:lead":1,"minecraft:red_stained_glass":2,"minecraft:purpur_stairs":1,"minecraft:grass_block":9,"minecraft:rail":2,"minecraft:acacia_trapdoor":1,"minecraft:birch_slab":1,"minecraft:light_weighted_pressure_plate":2,"minecraft:lava_bucket":1,"minecraft:dirt":2,"minecraft:grass":1,"minecraft:birch_fence":1,"minecraft:packed_ice":1,"minecraft:stone_button":2,"minecraft:smooth_red_sandstone":1,"minecraft:polished_blackstone_pressure_plate":1,"minecraft:sponge":2,"minecraft:blackstone_wall":1,"minecraft:repeater":1,"minecraft:tnt_minecart":1,"minecraft:iron_door":2,"minecraft:wet_sponge":1,"minecraft:wither_rose":2,"minecraft:sand":6,"minecraft:stripped_oak_wood":2,"minecraft:string":1,"minecraft:redstone":2,"minecraft:honeycomb_block":1,"minecraft:snow_block":1,"minecraft:nether_brick_slab":2,"minecraft:yellow_concrete_powder":1,"minecraft:anvil":2,"minecraft:pink_terracotta":3,"minecraft:blackstone":1,"minecraft:lever":1,"minecraft:dragon_head":1,"minecraft:cobblestone_wall":1,"minecraft:light_gray_terracotta":1,"minecraft:pig_spawn_egg":3,"minecraft:sticky_piston":1,"minecraft:obsidian":1,"minecraft:prismarine":1,"minecraft:end_stone":2,"minecraft:name_tag":1,"minecraft:nether_brick_fence":1,"minecraft:nether_bricks":6,"minecraft:oak_sign":3,"minecraft:red_terracotta":2,"minecraft:flint_and_steel":3,"minecraft:sandstone_wall":1,"minecraft:cobblestone_slab":2,"minecraft:sea_lantern":1,"minecraft:hay_block":1,"minecraft:soul_campfire":1,"minecraft:stone":16,"minecraft:oak_wood":1,"minecraft:honey_block":1,"minecraft:ladder":2,"minecraft:redstone_torch":2,"minecraft:spruce_log":1,"minecraft:sandstone":2,"minecraft:end_stone_bricks":1,"minecraft:red_sand":3,"minecraft:podzol":1,"minecraft:magma_block":3,"minecraft:netherrack":4,"minecraft:brown_concrete":1,"minecraft:terracotta":3,"minecraft:firework_rocket":3},"minecraft:custom":{"minecraft:interact_with_anvil":2,"minecraft:leave_game":1,"minecraft:time_since_death":141980,"minecraft:climb_one_cm":11282,"minecraft:sprint_one_cm":407787,"minecraft:walk_one_cm":325154,"minecraft:drop":154,"minecraft:deaths":6,"minecraft:sneak_time":4813,"minecraft:walk_under_water_one_cm":5521,"minecraft:jump":2040,"minecraft:walk_on_water_one_cm":9539,"minecraft:play_one_minute":243258,"minecraft:time_since_rest":141983,"minecraft:damage_taken":5867,"minecraft:minecart_one_cm":3661,"minecraft:damage_dealt":469,"minecraft:swim_one_cm":14142,"minecraft:fly_one_cm":1259589,"minecraft:player_kills":2,"minecraft:open_chest":2,"minecraft:crouch_one_cm":2722,"minecraft:aviate_one_cm":905191,"minecraft:fall_one_cm":74455},"minecraft:used":{"minecraft:oak_fence":25,"minecraft:nether_brick_fence":7,"minecraft:red_sand":25,"minecraft:iron_bars":2,"minecraft:flint_and_steel":35,"minecraft:redstone":67,"minecraft:ladder":4,"minecraft:oak_sign":5,"minecraft:polished_basalt":47,"minecraft:brown_concrete":7,"minecraft:stone":269,"minecraft:quartz_stairs":1,"minecraft:grass":1,"minecraft:sandstone_wall":58,"minecraft:netherrack":44,"minecraft:soul_campfire":12,"minecraft:dirt":27,"minecraft:anvil":2,"minecraft:nether_bricks":38,"minecraft:cobblestone_wall":3,"minecraft:nether_brick_slab":1,"minecraft:oak_wood":17,"minecraft:pink_terracotta":3,"minecraft:nether_brick_stairs":4,"minecraft:obsidian":3,"minecraft:glass":6,"minecraft:packed_ice":77,"minecraft:honey_block":44,"minecraft:sea_lantern":4,"minecraft:lava_bucket":1834,"minecraft:bookshelf":18,"minecraft:quartz_slab":1,"minecraft:light_weighted_pressure_plate":31,"minecraft:grass_block":79,"minecraft:slime_block":2,"minecraft:wet_sponge":1,"minecraft:bamboo":6,"minecraft:yellow_concrete_powder":2,"minecraft:birch_button":1,"minecraft:basalt":39,"minecraft:tripwire_hook":2,"minecraft:glowstone":1,"minecraft:repeater":14,"minecraft:honeycomb_block":16,"minecraft:magma_block":322,"minecraft:black_stained_glass":3,"minecraft:hay_block":4,"minecraft:sweet_berries":8,"minecraft:podzol":1,"minecraft:minecart":1,"minecraft:dragon_head":1,"minecraft:water_bucket":4,"minecraft:end_stone_bricks":12,"minecraft:snow_block":1,"minecraft:birch_planks":1,"minecraft:red_stained_glass":7,"minecraft:lead":4,"minecraft:acacia_trapdoor":2,"minecraft:prismarine":2,"minecraft:blackstone":60,"minecraft:sandstone":83,"minecraft:cobblestone_slab":1,"minecraft:polished_blackstone_pressure_plate":1,"minecraft:sand":64,"minecraft:rail":7,"minecraft:terracotta":50,"minecraft:yellow_terracotta":6,"minecraft:tnt":22,"minecraft:smooth_red_sandstone":1,"minecraft:light_gray_terracotta":1,"minecraft:sponge":107,"minecraft:blackstone_wall":4,"minecraft:end_stone":11,"minecraft:spruce_log":17,"minecraft:birch_fence":1,"minecraft:redstone_torch":9,"minecraft:sticky_piston":36,"minecraft:lever":6,"minecraft:red_sandstone":1,"minecraft:firework_rocket":16,"minecraft:birch_slab":3,"minecraft:stone_button":16,"minecraft:string":3,"minecraft:pig_spawn_egg":18,"minecraft:tnt_minecart":55,"minecraft:red_terracotta":50,"minecraft:purpur_slab":11,"minecraft:iron_door":3,"minecraft:cobblestone":3,"minecraft:stripped_oak_wood":2,"minecraft:wither_rose":102}},"DataVersion":2586}