{"stats":{"minecraft:dropped":{"minecraft:water_bucket":1,"minecraft:oak_slab":64,"minecraft:sticky_piston":1,"minecraft:yellow_terracotta":1,"minecraft:red_stained_glass":1,"minecraft:grass_block":65,"minecraft:flint_and_steel":3,"minecraft:lava_bucket":2,"minecraft:dirt":1,"minecraft:cobblestone_slab":1,"minecraft:stone":2,"minecraft:packed_ice":1,"minecraft:orange_terracotta":2,"minecraft:sponge":64,"minecraft:skeleton_skull":64,"minecraft:repeater":64,"minecraft:quartz_block":2,"minecraft:jungle_door":1,"minecraft:spruce_wood":1,"minecraft:redstone_torch":64,"minecraft:wither_rose":64,"minecraft:netherrack":65,"minecraft:brown_concrete":1,"minecraft:terracotta":1},"minecraft:custom":{"minecraft:interact_with_furnace":2,"minecraft:interact_with_crafting_table":1,"minecraft:play_one_minute":226860,"minecraft:leave_game":1,"minecraft:time_since_death":1865,"minecraft:climb_one_cm":11338,"minecraft:time_since_rest":1867,"minecraft:sprint_one_cm":505253,"minecraft:damage_taken":4749,"minecraft:walk_one_cm":300041,"minecraft:drop":33,"minecraft:damage_dealt":623,"minecraft:minecart_one_cm":3821,"minecraft:swim_one_cm":11334,"minecraft:fly_one_cm":1550404,"minecraft:open_chest":4,"minecraft:crouch_one_cm":39791,"minecraft:deaths":8,"minecraft:sneak_time":19693,"minecraft:walk_under_water_one_cm":9623,"minecraft:jump":2872,"minecraft:walk_on_water_one_cm":7782,"minecraft:fall_one_cm":67882},"minecraft:mined":{"minecraft:stone":8},"minecraft:killed_by":{"minecraft:player":2},"minecraft:used":{"minecraft:oak_fence":16,"minecraft:purpur_block":12,"minecraft:petrified_oak_slab":9,"minecraft:water_bucket":7,"minecraft:jungle_leaves":14,"minecraft:blue_terracotta":32,"minecraft:red_sand":2,"minecraft:end_stone_bricks":2,"minecraft:tube_coral_block":1,"minecraft:acacia_log":7,"minecraft:sandstone_stairs":7,"minecraft:flint_and_steel":120,"minecraft:red_concrete":5,"minecraft:red_stained_glass":20,"minecraft:polished_basalt":72,"minecraft:birch_leaves":4,"minecraft:bone_block":17,"minecraft:acacia_trapdoor":4,"minecraft:redstone":78,"minecraft:jungle_fence":20,"minecraft:ladder":8,"minecraft:oak_planks":4,"minecraft:oak_sign":5,"minecraft:blackstone":45,"minecraft:light_blue_terracotta":10,"minecraft:cactus":3,"minecraft:lime_concrete_powder":2,"minecraft:white_terracotta":6,"minecraft:sandstone":62,"minecraft:brown_concrete":134,"minecraft:stone":183,"minecraft:blue_concrete_powder":1,"minecraft:wooden_shovel":13,"minecraft:sugar_cane":2,"minecraft:cobblestone_slab":4,"minecraft:sandstone_wall":1,"minecraft:green_terracotta":1,"minecraft:netherrack":125,"minecraft:oak_leaves":15,"minecraft:polished_blackstone_pressure_plate":5,"minecraft:diamond_block":1,"minecraft:dirt":69,"minecraft:sand":17,"minecraft:lime_terracotta":18,"minecraft:terracotta":31,"minecraft:yellow_terracotta":18,"minecraft:dark_prismarine_slab":2,"minecraft:oak_slab":47,"minecraft:chorus_flower":5,"minecraft:light_blue_wool":42,"minecraft:jungle_slab":6,"minecraft:pink_terracotta":2,"minecraft:campfire":28,"minecraft:sponge":55,"minecraft:granite":108,"minecraft:end_stone":8,"minecraft:spruce_log":1,"minecraft:birch_fence":15,"minecraft:redstone_torch":16,"minecraft:oak_log":6,"minecraft:sticky_piston":28,"minecraft:glass":3,"minecraft:black_concrete":30,"minecraft:lever":7,"minecraft:honey_block":5,"minecraft:packed_ice":30,"minecraft:diamond_pickaxe":8,"minecraft:black_wool":14,"minecraft:lava_bucket":977,"minecraft:red_wool":9,"minecraft:bookshelf":5,"minecraft:light_gray_stained_glass":29,"minecraft:slime_block":3,"minecraft:spruce_wood":18,"minecraft:quartz_slab":11,"minecraft:command_block":6,"minecraft:lime_carpet":5,"minecraft:yellow_stained_glass":4,"minecraft:grass_block":142,"minecraft:light_weighted_pressure_plate":2,"minecraft:spruce_button":1,"minecraft:stone_button":18,"minecraft:quartz_block":79,"minecraft:stone_slab":1,"minecraft:red_terracotta":17,"minecraft:polished_granite":20,"minecraft:iron_door":6,"minecraft:bamboo":23,"minecraft:basalt":70,"minecraft:birch_button":1,"minecraft:green_carpet":3,"minecraft:tripwire_hook":1,"minecraft:repeater":39,"minecraft:light_blue_concrete_powder":1,"minecraft:magma_block":231,"minecraft:snow":29,"minecraft:emerald_block":1,"minecraft:iron_trapdoor":16,"minecraft:white_stained_glass":46,"minecraft:polished_blackstone_button":4,"minecraft:gold_block":55,"minecraft:skeleton_skull":1,"minecraft:minecart":1,"minecraft:acacia_fence":13,"minecraft:chain":14,"minecraft:grass_path":3,"minecraft:smooth_stone_slab":5,"minecraft:ice":20,"minecraft:wither_rose":76,"minecraft:crimson_pressure_plate":1,"minecraft:stone_pressure_plate":1,"minecraft:pink_concrete_powder":1,"minecraft:white_concrete":37,"minecraft:acacia_planks":8,"minecraft:observer":2,"minecraft:chorus_plant":37,"minecraft:orange_terracotta":9,"minecraft:pumpkin":1,"minecraft:bone_meal":11,"minecraft:polished_blackstone_stairs":4}},"DataVersion":2586}